<?xml version="1.0"?>

<model-hints>
	<model name="com.ys.hma.account.model.Book">
		<field name="bookId" type="long" />
		<field name="bookName" type="String" />
		<field name="description" type="String" />
		<field name="authorName" type="String" />
		<field name="isbn" type="int" />
		<field name="price" type="int" />
	</model>
	<model name="com.ys.hma.account.model.Data">
		<field name="DataId" type="long" />
		<field name="StartDate" type="Date" />
		<field name="EndDate" type="Date" />
		<field name="Exported" type="int" />
		<field name="NotExported" type="int" />
	</model>
</model-hints>